Timestamp,Precipitation,Rainfall_Intensity,Temperature,Humidity,Wind_Speed,Wind_Direction
2023-01-01 00:00:00,0.0,0.0,17.927522448061563,58.694086968341786,6.540995040903815,265.3811802592477
2023-01-01 01:00:00,0.0,0.0,12.227104842512844,63.150231274986425,4.85298652346687,134.47654164711085
2023-01-01 02:00:00,0.0,0.0,14.635442385615008,79.71059162079676,11.044042225765867,60.93199252330791
2023-01-01 03:00:00,0.0,0.0,13.794812572474017,82.13546497543727,10.89882821934469,39.30917489673626
2023-01-01 04:00:00,0.0,0.0,15.205820020301127,84.18473050179222,12.215156835851353,9.384066064155592
2023-01-01 05:00:00,0.0,0.0,14.524262961397385,63.70755332404081,7.595730486261123,130.49461189700088
2023-01-01 06:00:00,0.0,0.0,17.097624918344437,77.06784538489865,12.283089730783654,140.01740924000978
2023-01-01 07:00:00,0.0,0.0,18.226431867339013,71.21058521402225,19.873628469899142,345.2527905008838
2023-01-01 08:00:00,0.0,0.0,14.257041161207358,68.91832751284056,7.584810377509869,237.15433439564782
2023-01-01 09:00:00,0.0,0.0,12.36634842952451,78.07288532266892,15.622026630077412,335.3505331244288
2023-01-01 10:00:00,0.0,0.0,15.80569108184853,74.36314492778388,4.627195965853922,164.29259436082248
2023-01-01 11:00:00,0.0,0.0,17.126573821370478,67.43823927986617,7.371611934898727,311.38330909295075
2023-01-01 12:00:00,0.0,0.0,17.133961108428014,56.392426218341356,12.752699331500336,338.0622786366791
2023-01-01 13:00:00,0.6757405090110972,0.4505251065696451,18.09779775577784,64.76130735221267,11.109194708357782,333.5903696717831
2023-01-01 14:00:00,0.0,0.0,14.655707282063602,60.812177324815956,7.797827439575719,62.92744479359837
2023-01-01 15:00:00,0.0,0.0,12.855696726833806,89.31493027595391,8.596286674920538,150.63775646863968
2023-01-01 16:00:00,0.0,0.0,12.807730262666913,81.85497917574803,7.782338201036702,23.509627966473555
2023-01-01 17:00:00,0.0,0.0,18.358698809347782,93.03223309873026,7.873082188255628,147.16752214828793
2023-01-01 18:00:00,0.0,0.0,14.460933789106601,76.94068124619835,9.147810809877646,236.37519637036254
2023-01-01 19:00:00,0.0,0.0,15.049664324497153,61.62436601068301,9.966766998192112,135.9460608867551
2023-01-01 20:00:00,0.2550926642391001,0.1642042704147785,11.559964980191108,81.19908498201582,10.464737302588446,124.1621026870813
2023-01-01 21:00:00,0.0,0.0,13.099681086396876,73.2986774887642,13.389797147550889,52.037667534785186
2023-01-01 22:00:00,0.0,0.0,13.56236371233448,88.83918813237017,13.215268692758606,92.1708382827114
2023-01-01 23:00:00,0.0,0.0,13.922173081390255,63.05381185774468,18.542551176457764,303.0296364904572
2023-01-02 00:00:00,0.0,0.0,15.65601313004342,56.54844618524449,12.970462316060646,320.88334207619636
2023-01-02 01:00:00,0.0,0.0,13.827944362303652,69.79535717306123,8.962197337172093,173.48915790192953
2023-01-02 02:00:00,0.0,0.0,17.519974396987443,61.05556082078118,5.732098907062973,117.77521437909495
2023-01-02 03:00:00,0.0,0.0,16.557819831480273,75.20246122738993,10.543079493910897,95.47613048928704
2023-01-02 04:00:00,0.2705481698983168,0.13895650446703753,19.145547004427126,77.51904827995415,1.9182640926763206,278.33482852476226
2023-01-02 05:00:00,1.5613530913138964,0.8156183213274067,14.610235860095933,83.34977395733297,10.812154336316944,135.1500538756914
2023-01-02 06:00:00,0.0,0.0,14.518685575124008,85.09857537442774,7.594281255855492,92.5310307781284
2023-01-02 07:00:00,0.0,0.0,14.108482225750844,79.13134592883047,6.846547437600327,168.08731116916613
2023-01-02 08:00:00,0.28605473875335335,0.23784386833345358,18.242544872949768,57.72613868338395,10.957327098566166,85.2730917007024
2023-01-02 09:00:00,0.0,0.0,18.36023857099957,70.99321805421297,8.740400866562528,19.17994745459053
2023-01-02 10:00:00,0.0,0.0,16.152561143026436,59.19856738320836,17.082892337916725,224.59134256396342
2023-01-02 11:00:00,0.0,0.0,16.918829403549005,76.7222196001054,14.908283471667723,330.86303842409023
2023-01-02 12:00:00,0.0,0.0,13.552019872728142,71.91190303749019,10.715517417544321,8.143007212074886
2023-01-02 13:00:00,0.0,0.0,12.596932630537706,76.40071043958793,13.027554363541377,147.22482346226607
2023-01-02 14:00:00,0.0,0.0,11.81896007788589,74.27266401384153,7.749154009138489,11.818027846616697
2023-01-02 15:00:00,0.0,0.0,17.711110357537404,75.16282796546894,3.937202171234091,35.47125040218815
2023-01-02 16:00:00,0.0,0.0,13.590757214365452,69.19948339582237,4.866878222613077,185.97550374885157
2023-01-02 17:00:00,0.0,0.0,15.998114749452494,70.9265906243772,11.358720742244719,17.82117602348475
2023-01-02 18:00:00,0.754792278168882,1.2367681861421895,14.709477443441283,53.77102444243706,15.248643708279154,0.5938020550918699
2023-01-02 19:00:00,0.0,0.0,14.932780627566613,72.52179741752684,14.464422392215043,170.89017400616171
2023-01-02 20:00:00,0.0,0.0,17.56340903874085,59.58433510361916,15.608580634337907,6.564769666140338
2023-01-02 21:00:00,0.0,0.0,11.912805221127329,72.15682112797491,12.188825291252295,63.678138324216306
2023-01-02 22:00:00,0.0,0.0,16.827266046512076,59.92446036504964,11.98030032968494,109.82604774863576
2023-01-02 23:00:00,0.0,0.0,14.587563014698677,61.56852529864969,11.809203420629506,344.2362903259836
2023-01-03 00:00:00,0.0,0.0,12.091015243291734,69.36556214047005,12.2798155368486,36.752153266510206
2023-01-03 01:00:00,0.0,0.0,14.976097232518534,77.43619591648653,3.7322332298850656,238.86314370958357
2023-01-03 02:00:00,0.0,0.0,17.702966964941062,61.88742139474862,9.154556761090426,157.58095132841248
2023-01-03 03:00:00,0.0,0.0,15.842481611819066,65.81537637372205,14.722059926261956,109.7643393640642
2023-01-03 04:00:00,0.0,0.0,17.215636750498177,74.8964640810716,6.55741120874899,165.12847878296122
2023-01-03 05:00:00,0.0,0.0,17.569450690417664,69.12034803678462,7.650813971749547,314.6557118945042
2023-01-03 06:00:00,0.0,0.0,12.262792805421768,69.00555856813222,8.014585923738194,225.95674367136672
2023-01-03 07:00:00,0.0,0.0,17.980772254271148,60.65921035413533,15.395926971166803,137.13474362666923
2023-01-03 08:00:00,0.0,0.0,13.835265567099512,71.2810653680672,12.56685314077315,76.78566566395187
2023-01-03 09:00:00,0.0,0.0,16.10361118176267,50.06262178981616,3.8853646320848134,90.13041929800377
2023-01-03 10:00:00,0.0,0.0,15.638070793056047,72.01321720559554,0.0,351.6043302644519
2023-01-03 11:00:00,0.0,0.0,18.133414029523593,76.96067674330637,7.672522018987658,107.06980372021805
2023-01-03 12:00:00,0.833221646873724,0.7176244767871807,12.048018972030514,77.3463105406464,16.583674193786003,122.73311704074779
2023-01-03 13:00:00,0.0,0.0,18.771758568196496,78.69451963762498,11.52772116168347,166.45966465758636
2023-01-03 14:00:00,0.0,0.0,16.22585866996909,67.37949865655239,9.865969186948709,197.01416370886335
2023-01-03 15:00:00,0.0,0.0,17.43995697068338,69.01058436871548,5.649785235195127,157.53341334426838
2023-01-03 16:00:00,0.0,0.0,13.36291143089723,72.41489741246052,14.870260764316438,168.42303422496968
2023-01-03 17:00:00,0.0,0.0,14.589171811134701,51.94347814604325,12.568014149352297,134.15177432955423
2023-01-03 18:00:00,0.2256171525775847,0.16231489291689333,17.29096478281213,63.01158286155723,19.57208451623724,155.15028539969921
2023-01-03 19:00:00,0.43316710718931484,0.2741477185445299,21.57866942118039,78.66577048370426,9.551361021320039,2.3624106018831004
2023-01-03 20:00:00,0.867539348516768,0.5806692934846237,13.026617732121203,68.2276121501161,9.436082226885684,183.90396725264745
2023-01-03 21:00:00,0.0,0.0,15.609564692465506,59.36450631737494,8.258863538914905,110.3880470264106
2023-01-03 22:00:00,0.0,0.0,18.373581234718756,67.54501668846581,6.653590020926358,120.40793256943712
2023-01-03 23:00:00,0.0,0.0,18.24021061450459,68.91224151404923,10.065234085785056,43.211553559114215
2023-01-04 00:00:00,0.0,0.0,13.650850970432774,55.496412701898734,13.300014435518072,175.15548228711168
2023-01-04 01:00:00,0.0,0.0,17.776701034640332,73.78291123171421,0.0,246.98858087581579
2023-01-04 02:00:00,0.0,0.0,15.604174115590375,73.07161678235306,8.768445718302429,38.8945290863541
2023-01-04 03:00:00,0.0,0.0,17.843019055056345,82.56392324332329,3.6519576312150925,126.93745886009302
2023-01-04 04:00:00,0.0,0.0,16.51653041078755,59.52274563335623,5.366732529250877,35.40004608730915
2023-01-04 05:00:00,0.0,0.0,13.212325244649127,78.00991361339663,2.7953020624072167,338.3983316033604
2023-01-04 06:00:00,0.0,0.0,12.31014387371875,64.36526903904965,13.49505709048018,103.00635484279286
2023-01-04 07:00:00,0.0,0.0,14.934284294521948,68.33540631449777,8.261865068008873,299.3784599533299
2023-01-04 08:00:00,0.0,0.0,14.338486236073708,73.43179888538305,5.878277768246042,33.66526745155123
2023-01-04 09:00:00,0.0,0.0,16.723260800731367,63.52860588512438,14.380546419278891,344.6112736640081
2023-01-04 10:00:00,0.0,0.0,17.53983441676418,75.59315174835912,14.218657030031034,232.41174795100983
2023-01-04 11:00:00,0.0,0.0,16.99286967658425,69.76932177240377,5.520902494731409,286.0572119992604
2023-01-04 12:00:00,1.0936793425250049,1.3159647686981635,18.660414552915817,51.016609873173785,11.245921231363297,351.40003053163866
2023-01-04 13:00:00,0.0,0.0,15.989865819127418,68.13515659159825,2.11678365326186,249.74715371016708
2023-01-04 14:00:00,0.0,0.0,18.412021782927624,65.94007881934397,16.582618772046793,1.4991830733681333
2023-01-04 15:00:00,0.0,0.0,15.916708689561426,65.11848282063335,8.274154701003347,69.6551482594949
2023-01-04 16:00:00,0.0,0.0,16.45261270065696,85.63628269757237,8.278746895204822,318.97918251751486
2023-01-04 17:00:00,0.0,0.0,16.531597986096365,68.12448062573175,8.029237591766403,11.789776474982126
2023-01-04 18:00:00,0.0,0.0,16.910017184650485,81.64179900489812,8.457369911158764,141.71280518667984
2023-01-04 19:00:00,0.0,0.0,17.03773048817112,76.01922396980555,16.0938667068728,319.43277797395825
2023-01-04 20:00:00,0.0,0.0,16.73667535954496,70.3283491993154,16.671019899070483,229.05929031058406
2023-01-04 21:00:00,0.0,0.0,20.37692874851259,64.98400983592371,14.017822302973068,95.19319821446825
2023-01-04 22:00:00,0.0,0.0,16.51103401138932,62.375238725711085,9.983866164695995,184.75044500992453
2023-01-04 23:00:00,0.0,0.0,17.545149203935516,64.9555891552748,4.429635991639512,132.39596304121997
2023-01-05 00:00:00,0.0,0.0,17.541882418081663,63.652276738097264,6.915538680448667,300.28457225580075
2023-01-05 01:00:00,0.0,0.0,13.647719787800668,71.73732665828658,5.585929576882886,242.57556279025152
2023-01-05 02:00:00,0.0,0.0,17.133573168600364,74.77504608839516,12.953503348522974,318.4747846845211
2023-01-05 03:00:00,0.0,0.0,15.732154381372437,80.4588892913617,10.792298179045124,240.83448109969243
2023-01-05 04:00:00,0.5086100374200103,0.8578488452456993,17.210101954025873,78.11232274143457,15.758647870024276,127.73139270810765
2023-01-05 05:00:00,0.0,0.0,14.996913216106268,49.29439000326183,5.252773453602169,172.88610283895787
2023-01-05 06:00:00,0.12900598708820307,0.11163413829328772,14.198599261957117,61.94761140734326,11.199259266449747,153.28850798097542
2023-01-05 07:00:00,0.38617414594239996,0.21766741396135217,18.362656470962317,76.67658079344085,4.2073310214220285,304.4365039750468
2023-01-05 08:00:00,0.0,0.0,13.772536465154747,72.82175216855588,17.194693672489862,52.288198622285
2023-01-05 09:00:00,0.0,0.0,14.534681023794747,74.77618466757411,9.958854986847397,195.0338298573035
2023-01-05 10:00:00,0.0,0.0,15.360455498690722,68.46883979883712,6.337031769703503,301.36251744215025
2023-01-05 11:00:00,0.7092136123250218,1.318123001970543,13.815301976107063,66.82308815854,7.90208026311588,130.28266039290986
2023-01-05 12:00:00,0.0,0.0,12.989035345472917,63.636629631200265,7.3076327962774315,127.94251194399189
2023-01-05 13:00:00,1.2748553605098192,1.4622415859973499,15.562013026817517,84.59876664273645,16.042904459168007,151.99418407556564
2023-01-05 14:00:00,0.0,0.0,15.485672633203562,55.283467722051874,11.046859231309812,304.2670320080612
2023-01-05 15:00:00,0.0,0.0,14.742797188679582,59.84395206160117,10.866216103950405,47.76652485553409
2023-01-05 16:00:00,0.0,0.0,18.313967038090002,75.12937626600622,10.1663182020071,189.11696748312195
2023-01-05 17:00:00,0.0,0.0,14.816651221002536,58.885372402102334,14.281214870276461,167.86511213639625
2023-01-05 18:00:00,0.0,0.0,16.190288166359732,66.39479939056008,10.842166380061075,222.50047167085518
2023-01-05 19:00:00,0.0,0.0,12.139408619485021,60.51066438666614,15.65350990693213,306.1305188166287
2023-01-05 20:00:00,0.0,0.0,16.01287047020445,68.66372913045018,9.82463491296386,220.57607538110827
2023-01-05 21:00:00,0.0,0.0,18.92588303063577,68.77540888694014,5.975923595411609,254.64262155676278
2023-01-05 22:00:00,0.0,0.0,16.37223140525427,72.10548987296393,9.038183622016637,216.4774120286988
2023-01-05 23:00:00,0.0,0.0,17.687724769669583,76.76700846089871,4.9013826848137985,318.67508576672475
2023-01-06 00:00:00,0.0,0.0,15.330537492029672,86.91959430589445,13.657215585761302,130.21372442884564
2023-01-06 01:00:00,0.0,0.0,17.68949624438621,61.50983773916353,1.2072935763429016,345.55308735502604
2023-01-06 02:00:00,0.0,0.0,19.088902817160044,73.78791740133606,15.203639414775292,257.85743415612734
2023-01-06 03:00:00,0.0,0.0,14.554800144638753,66.927024939486,11.84677349584148,78.03601248321058
2023-01-06 04:00:00,0.0,0.0,15.36980778720143,73.09981909856785,10.529415540625042,159.5442495820483
2023-01-06 05:00:00,0.0,0.0,17.28911074891,69.94727563340095,12.046188178921144,31.795845799155657
2023-01-06 06:00:00,0.0,0.0,15.975624200268816,59.8656959461059,7.669533336108956,130.6684397959537
2023-01-06 07:00:00,0.0,0.0,20.1271928581452,65.47065103305697,5.827769047426081,61.700946490514454
2023-01-06 08:00:00,0.0,0.0,15.532730915172529,76.65454206257964,7.430821731038683,153.39369820933865
2023-01-06 09:00:00,0.1294601736358592,0.08342372290777622,13.609594826429065,81.1995817010225,10.963127407023908,69.09755433367523
2023-01-06 10:00:00,0.0,0.0,16.266023555761155,74.17414769314428,12.595176874206555,226.68936457494854
2023-01-06 11:00:00,0.0,0.0,15.908395626009922,77.30956553763005,11.843465911967279,220.33793162967572
2023-01-06 12:00:00,0.0,0.0,14.71726702274856,71.07967120735924,0.0,167.23683944573307
2023-01-06 13:00:00,0.0,0.0,14.897971553986597,61.84377466055619,10.7692162029603,69.95819077966378
2023-01-06 14:00:00,0.05194073934867756,0.03054771041872056,17.846226187902943,54.87945972157008,10.701235202257683,84.5782664450095
2023-01-06 15:00:00,0.0,0.0,13.641811915508239,75.09917085549188,16.088127711215172,237.9733876093706
2023-01-06 16:00:00,0.0,0.0,21.2055642802153,63.28555606425462,13.094842779144255,153.52142036925324
2023-01-06 17:00:00,0.0,0.0,12.863157740722414,71.50203822686558,12.200485634641382,11.105713390063592
2023-01-06 18:00:00,0.0,0.0,19.196384627588174,57.46786641750609,14.786189148646049,319.04262513296356
2023-01-06 19:00:00,0.0,0.0,18.035984239847043,56.83463072252801,13.280035079621758,353.6120245620512
2023-01-06 20:00:00,0.0,0.0,15.629000715452769,81.63174077006549,6.177886395430571,80.65355436000621
2023-01-06 21:00:00,0.0,0.0,19.581519962246112,71.6371816158251,3.561111262184208,82.86439257668229
2023-01-06 22:00:00,0.0,0.0,19.198966074631024,71.34043488726337,7.492377231404548,50.577676597262425
2023-01-06 23:00:00,0.0,0.0,16.599450592203418,77.39549279352396,9.755537777640797,111.38629394455343
2023-01-07 00:00:00,0.0,0.0,14.676748427200437,83.54068359726453,19.723292542822858,225.20982531100876
2023-01-07 01:00:00,0.0,0.0,19.701907068807024,69.93152164081319,14.130015218809927,274.5548168206414
2023-01-07 02:00:00,0.04105328491989276,0.028444408940320885,16.88111019366302,45.94163174202731,6.312171406602345,73.88907832744079
2023-01-07 03:00:00,0.0,0.0,17.465700107774474,69.10847567633351,5.964611631232558,34.26735429696783
2023-01-07 04:00:00,0.0,0.0,12.325820314146295,58.826102268345736,7.522632429748686,31.394182031052743
2023-01-07 05:00:00,0.21092619008551183,0.1363110712297174,13.468976418383228,86.78740581220718,11.320448173886572,346.6879788302077
2023-01-07 06:00:00,1.8143073976235902,1.0505402078856005,17.223658966647193,75.33019730069275,11.787037240553612,159.07823921850684
2023-01-07 07:00:00,0.0,0.0,17.421879971766298,89.0700530952214,0.0,12.680933874242232
2023-01-07 08:00:00,0.0,0.0,14.7456688339342,76.64980263053852,5.329391293780383,144.18320353797665
2023-01-07 09:00:00,0.0,0.0,14.250729147031329,84.29422214845133,10.823339634037165,228.94633097696675
2023-01-07 10:00:00,0.0,0.0,21.033504082032856,62.63454266416829,13.142957000071688,217.54301124225984
2023-01-07 11:00:00,0.0,0.0,16.684629184116574,52.192197359528514,15.229791124065045,225.88609891311515
2023-01-07 12:00:00,0.0,0.0,15.670898857523358,65.59614474428336,9.220862081924409,27.910319943126943
2023-01-07 13:00:00,1.8639592633645845,1.7932358746117403,16.91664147977506,61.756905800409264,9.491592736805753,326.58664436485765
2023-01-07 14:00:00,0.0,0.0,17.08819296288589,75.83109967760889,10.674195133615065,276.07198125943614
2023-01-07 15:00:00,0.0,0.0,16.813722374194207,73.83747648211734,5.192611708778024,68.03787033893316
2023-01-07 16:00:00,0.17903022733381047,0.13154827501943853,13.702514324393952,62.83489033319788,3.549349730146539,1.6151320443816175
2023-01-07 17:00:00,0.45911914900543477,0.6479765100639572,15.116605820368974,73.15322540630685,10.94010346529863,125.83062361420455
2023-01-07 18:00:00,0.0,0.0,14.210986775706392,62.59075445051015,10.561761304132872,9.282690177814356
2023-01-07 19:00:00,0.0,0.0,18.45085548430604,76.47765403106486,4.5226223673074974,341.4247458248294
2023-01-07 20:00:00,0.0,0.0,14.438667554465964,60.12069288534378,20.10169605707128,224.27464518372244
2023-01-07 21:00:00,0.0,0.0,19.502262570848693,72.88511738483062,3.5372316023811323,201.7969626150599
2023-01-07 22:00:00,0.8514225202587559,0.9022470736261108,12.69376895127383,60.57103353899794,11.986257671980722,246.90758654957025
2023-01-07 23:00:00,0.0,0.0,17.201496789753154,52.57852617320304,1.476350937467339,352.6543695234903
2023-01-08 00:00:00,0.0,0.0,16.165133758594155,61.952536426097495,8.049418228937203,234.7711147963967
2023-01-08 01:00:00,0.0,0.0,15.88020444244328,70.04613964656129,5.057221452736896,135.84388960494704
2023-01-08 02:00:00,0.0,0.0,20.06279251915856,75.11301947303143,9.73928309156866,33.691712578168925
2023-01-08 03:00:00,0.0,0.0,15.16934545464127,72.82374275281002,2.0428696286375314,273.26240430226824
2023-01-08 04:00:00,0.0,0.0,17.90900278414278,58.549929501929206,10.937717441073026,12.84608670052934
2023-01-08 05:00:00,0.0,0.0,18.162930500449594,93.84848038634595,7.8462179494050375,266.8067446644552
2023-01-08 06:00:00,0.0,0.0,14.879365740261422,86.6106017432071,11.491766842340912,19.311268887241404
2023-01-08 07:00:00,0.0,0.0,18.139839876120945,69.13524100107026,10.467716852709103,194.8034459678702
2023-01-08 08:00:00,0.0,0.0,16.45784704512393,78.74761424759241,7.673954008023101,217.0861370284588
2023-01-08 09:00:00,0.9004822386118034,0.5049908556724552,16.38045695882166,83.11032711310757,12.513340609208981,338.27148251566973
2023-01-08 10:00:00,0.0,0.0,17.120003920123423,50.60175461073628,5.792860551879169,42.139635513153706
2023-01-08 11:00:00,0.0,0.0,17.12057613089878,84.50306644531096,8.787525928583856,272.55927397569553
2023-01-08 12:00:00,0.0,0.0,15.384304054930734,66.35532689809686,14.067994122993332,270.0881768757822
2023-01-08 13:00:00,0.0,0.0,18.407352588836588,69.25373926585435,18.766187122909766,198.66381190020172
2023-01-08 14:00:00,0.0,0.0,16.44100860571796,59.72224458505095,7.034527664016546,32.70223110923312
2023-01-08 15:00:00,0.0,0.0,14.070476145900843,86.51990568405995,6.3924252965657855,48.991325562640775
2023-01-08 16:00:00,0.0,0.0,15.239198574286362,79.0047138888019,14.757389643203055,249.38591671969255
2023-01-08 17:00:00,0.0,0.0,17.360667483890786,68.83233957910853,9.114516366378163,65.33373086051682
2023-01-08 18:00:00,2.0432207101505293,2.457829183741684,13.482320626430067,67.25880052453111,0.7199343926501189,120.18034025587546
2023-01-08 19:00:00,0.23314171396465377,0.1258648027603155,15.732005819380166,71.73974531578683,16.908633934566396,16.94891855523875
2023-01-08 20:00:00,0.0,0.0,14.529274282371578,82.26285831897877,2.9599448381400038,76.46625526847427
2023-01-08 21:00:00,0.0,0.0,14.130080220062457,66.64973487452941,7.731588086965377,339.78921599481725
2023-01-08 22:00:00,0.0,0.0,16.11421672128164,59.67202683748857,0.0,133.75139052852873
2023-01-08 23:00:00,0.0,0.0,17.5754990270615,82.45372063469215,16.574655283396197,251.97352883128084
2023-01-09 00:00:00,0.0,0.0,16.072977374374315,58.06407673488112,10.056696714645051,43.56321371611499
2023-01-09 01:00:00,0.0,0.0,14.703945352668429,85.20772872405566,11.939135370450426,349.1641833068928
2023-01-09 02:00:00,0.0,0.0,17.85322072562464,100.0,11.82767055191951,95.61260987877144
2023-01-09 03:00:00,0.0,0.0,14.123964079503368,68.92458371293681,9.93781461456716,232.21074466757608
2023-01-09 04:00:00,0.0,0.0,19.28417431606358,75.83128912541235,11.014116059259385,287.0827721831894
2023-01-09 05:00:00,0.0,0.0,15.668092877721078,58.149167892084535,4.347155613006914,1.2248910461912166
2023-01-09 06:00:00,0.0,0.0,16.36839670500537,74.79775748526335,14.261624632918279,99.85836966250884
2023-01-09 07:00:00,0.0,0.0,14.779405249510082,66.65548977450572,6.277621280958879,239.0558524009174
2023-01-09 08:00:00,4.5807412964861465,3.0632435935022944,18.409100509689853,77.62644575224765,4.534570082389574,331.0098638443608
2023-01-09 09:00:00,0.0,0.0,15.666180203125737,75.8313887128017,1.0770665059871598,193.27523941738076
2023-01-09 10:00:00,1.4905021988832414,1.4388034389807525,18.633229976398347,82.6920291649039,17.461601530001357,188.1594049062706
2023-01-09 11:00:00,0.0,0.0,14.792180977752002,43.80467330786229,9.441108057149494,196.4331546194982
2023-01-09 12:00:00,0.0,0.0,16.070901876366957,72.7540526544974,2.7358372342282578,249.53021353869
2023-01-09 13:00:00,0.0,0.0,15.315552219291089,72.34420542472122,13.777969324238546,196.43541731335984
2023-01-09 14:00:00,0.0,0.0,15.803489159041064,63.426566104926565,9.22523849206391,146.78796605445703
2023-01-09 15:00:00,0.0,0.0,20.01162014111948,68.17077242689078,7.1085914826104455,238.7811975712714
2023-01-09 16:00:00,0.5904803610998552,0.5400756342247096,16.82117344394805,71.4908174229698,16.697875579243174,237.15988829644644
2023-01-09 17:00:00,0.0,0.0,15.418341328642507,88.37276042464661,14.269406382890484,286.4118457774661
2023-01-09 18:00:00,0.0,0.0,18.87715330174618,87.55140936076435,4.7853928952663445,116.02780040720832
2023-01-09 19:00:00,0.0,0.0,16.31742343325636,57.25824911854117,11.870133242248356,85.47142577928594
2023-01-09 20:00:00,0.0,0.0,17.493251121589974,69.58453814048299,11.959516176473283,169.33295509703365
2023-01-09 21:00:00,0.0,0.0,17.534449993332366,66.16281689813837,5.44054084364795,255.75942617390984
2023-01-09 22:00:00,0.0,0.0,22.919293445121557,81.3298042844539,14.964098193060682,38.4332797755641
2023-01-09 23:00:00,0.0,0.0,13.465721980296506,69.64019214950528,8.949795371581237,179.76292419953566
2023-01-10 00:00:00,0.0,0.0,15.37251111753342,74.1611654996949,6.814068362904823,119.85411365669171
2023-01-10 01:00:00,0.0,0.0,15.558220738232238,67.51222129415244,9.330409437571188,291.8410141878775
2023-01-10 02:00:00,0.0,0.0,19.759393635221826,87.34120860876874,25.021621494796065,165.31094494502872
2023-01-10 03:00:00,0.0,0.0,20.774071281435983,75.68565955260752,5.837534691922313,108.69445208157978
2023-01-10 04:00:00,0.05016315944220652,0.025429771895322383,15.917398393142967,67.3493812963199,13.48605979990597,350.6068873292197
2023-01-10 05:00:00,0.0,0.0,13.761661689231499,82.86318294901159,14.347661834860789,141.61320526772562
2023-01-10 06:00:00,0.0,0.0,18.759186860075534,64.42153989523779,15.58380790443601,263.602430284923
2023-01-10 07:00:00,0.0,0.0,15.278611063107006,59.11753138577884,14.382756084816526,328.01750311189664
2023-01-10 08:00:00,0.0,0.0,15.185523420671737,74.5932504665481,6.028668856328681,212.72768313702954
2023-01-10 09:00:00,0.0,0.0,13.741897929442331,69.32894208177711,7.84354087143505,344.38625172093435
2023-01-10 10:00:00,0.0,0.0,14.841100868344862,61.987722813551315,5.938880282518216,51.63190829136004
2023-01-10 11:00:00,0.0,0.0,18.741348240329895,71.11209938073634,7.951518583186785,1.2410623370729201
2023-01-10 12:00:00,0.0,0.0,16.653831073590922,75.37691815584039,11.400749967052198,253.02616888953182
2023-01-10 13:00:00,0.0,0.0,13.829467750180859,83.44084151253199,5.558016176455231,70.70426623361747
2023-01-10 14:00:00,0.0,0.0,10.819032678581411,73.285912986922,7.917362111309586,75.14245671385237
2023-01-10 15:00:00,0.33803533241695655,0.3133596381680147,13.49738422614491,73.28673461288585,11.149837186781102,74.36366645701953
2023-01-10 16:00:00,0.0,0.0,15.491449430843296,77.83019860602519,9.366017942974215,175.63690551013386
2023-01-10 17:00:00,0.0,0.0,17.034894863440275,73.4533715456591,9.60823165286807,193.64286142057253
2023-01-10 18:00:00,0.0,0.0,16.137053763523568,70.52654202225938,0.0,243.1535777689873
2023-01-10 19:00:00,0.0,0.0,16.89534381723002,77.1730273437724,9.553663853283068,245.93608541346492
2023-01-10 20:00:00,0.0,0.0,17.38723658017181,74.47698792393265,2.005071915043813,329.3023646332283
2023-01-10 21:00:00,0.34887373932943777,0.2059943812091872,18.257441273008798,60.13699769652318,14.695205870074886,202.43754227638914
2023-01-10 22:00:00,0.0,0.0,18.060687057731844,84.14923201061653,10.03659001436119,325.5892997575708
2023-01-10 23:00:00,0.0,0.0,16.89209960751026,72.44559218239026,6.2755824506622435,34.28569378542782
2023-01-11 00:00:00,0.0,0.0,17.075606927854743,70.62385010955947,4.900011140516515,194.77875356973036
2023-01-11 01:00:00,0.0,0.0,20.03237007752621,73.67468509635066,1.7232555850969977,336.17081482094306
2023-01-11 02:00:00,0.0,0.0,14.228204141442008,56.63757059332214,5.228901362571872,170.9584800669997
2023-01-11 03:00:00,0.0,0.0,17.356718389264657,71.87672364635561,15.859184595892076,216.31614990153062
2023-01-11 04:00:00,0.0,0.0,15.890514126342689,81.95199170533726,18.62676677397679,310.73432289174804
2023-01-11 05:00:00,0.0,0.0,16.259736901669342,77.15830751399938,0.0,205.5140215812289
2023-01-11 06:00:00,0.0,0.0,15.898020821987746,71.94911640084786,1.0278701177703597,207.69870510771722
2023-01-11 07:00:00,0.0,0.0,17.253161572360902,79.93639890399302,13.330837078336394,105.58593870800404
2023-01-11 08:00:00,0.0,0.0,18.467364596414868,64.26040572943312,7.428785308942441,350.4600108005179
2023-01-11 09:00:00,0.0,0.0,16.470986784687874,59.3359259282697,16.718119051150133,62.35691892192902
2023-01-11 10:00:00,0.0,0.0,13.988146324548271,67.143035198303,15.592214251022938,315.1388104619473
2023-01-11 11:00:00,0.0,0.0,19.508796886342665,60.279413777487015,0.3483471895655421,88.93767303214433
2023-01-11 12:00:00,0.0,0.0,19.125049869604606,58.60046548928154,14.857049588437473,112.63315458215898
2023-01-11 13:00:00,0.0,0.0,15.161329836634803,83.89261559528394,1.1449390581429109,304.8941498366862
2023-01-11 14:00:00,0.0,0.0,14.726366740127157,90.42889493178801,8.916721838018486,201.62325505400796
2023-01-11 15:00:00,0.0,0.0,16.80066762385054,66.08557280183891,17.437763960141364,124.09395355261832
2023-01-11 16:00:00,0.0,0.0,14.165440120383785,77.70137177605196,9.649478412527083,149.96959331108064
2023-01-11 17:00:00,0.0,0.0,14.618399089183931,85.10063413891815,6.555042976455095,303.56019159789605
2023-01-11 18:00:00,0.0,0.0,16.126998512563706,55.75823715261865,16.068942677238887,149.2734637774307
2023-01-11 19:00:00,0.0,0.0,16.716773916457978,48.20597811492593,13.48494026720725,77.43513660228973
2023-01-11 20:00:00,0.0,0.0,16.76590301744009,68.56713233634848,16.30934778232546,167.93114079306415
2023-01-11 21:00:00,0.0,0.0,14.491817051281792,62.14054361675417,9.166695653198671,167.44539288519977
2023-01-11 22:00:00,0.0,0.0,14.711933657620872,69.9149374164704,8.44621588786435,131.0432374751528
2023-01-11 23:00:00,0.0,0.0,16.598709059612034,80.00053733623899,9.122122721170232,250.5823777266163
2023-01-12 00:00:00,0.0,0.0,17.468813827119334,56.29015321236412,3.96310888978618,109.81982210643199
2023-01-12 01:00:00,0.0,0.0,15.312443217157123,73.3190436932671,5.3258961584236655,352.43820764462333
2023-01-12 02:00:00,0.0,0.0,18.037256124808952,79.32457495465721,6.480566449144133,323.93011192688954
2023-01-12 03:00:00,0.0,0.0,18.693814344470102,65.61717625971481,8.860811302199766,120.81029298735814
2023-01-12 04:00:00,0.0,0.0,16.743837806103926,88.03133976861832,17.581599681439045,129.83190621329132
2023-01-12 05:00:00,0.0,0.0,13.731423429623696,87.40421773435887,8.238883833617843,252.0349261397164
2023-01-12 06:00:00,0.0,0.0,16.300781258567348,68.04040941494492,11.796654864955377,321.87776144265854
2023-01-12 07:00:00,0.0,0.0,15.249563661011685,81.06775285098963,16.68006204992767,135.20082065657328
2023-01-12 08:00:00,0.0,0.0,15.67769290344819,64.16717097420522,20.48326853315012,137.10544692017132
2023-01-12 09:00:00,0.30904716114450526,0.270212997030343,16.801047404329275,69.25829152570999,3.711930622410663,315.35836697358053
2023-01-12 10:00:00,0.0,0.0,19.263317941977572,79.53997784727264,3.2710429105597894,240.90934234814242
2023-01-12 11:00:00,0.0,0.0,17.28476128004653,59.034106990033145,8.917675900092336,37.79660434225909
2023-01-12 12:00:00,0.0,0.0,17.56956346411109,70.98844102647973,4.752293143571427,292.0801156827088
2023-01-12 13:00:00,0.0,0.0,15.369447434509867,92.18145112446733,15.316207964251479,122.9445153843322
2023-01-12 14:00:00,0.0,0.0,19.444824360925505,72.40514174557454,17.51352938823586,322.501621319743
2023-01-12 15:00:00,0.0,0.0,14.713126334252124,79.26718268232403,9.1696655788535,214.6318405952691
2023-01-12 16:00:00,0.0,0.0,16.92475583847438,51.22235479328052,11.487750954038898,179.36814421364028
2023-01-12 17:00:00,0.0,0.0,16.523412616923743,57.45870562401717,11.05397121275329,292.6544996465814
2023-01-12 18:00:00,0.0,0.0,18.339153065835344,73.73883482526927,15.330904024638437,90.5574814218319
2023-01-12 19:00:00,0.0,0.0,20.707234852583174,43.99715056571241,14.433642294373453,329.16909059927724
2023-01-12 20:00:00,0.0,0.0,17.83416226325453,52.483828399157275,16.762319840589846,145.7411869328747
2023-01-12 21:00:00,0.0,0.0,15.431030963367453,64.89620590300373,14.665957230777169,212.16874363816456
2023-01-12 22:00:00,0.0,0.0,15.796708796016471,79.4895073080339,8.220666906840146,301.7974857229147
2023-01-12 23:00:00,0.0,0.0,15.12367200248217,52.787450825576954,11.754057511533187,273.072586620832
2023-01-13 00:00:00,0.0,0.0,19.710376216979565,66.46048928684908,1.9823512868473248,352.8473108715966
2023-01-13 01:00:00,0.0,0.0,15.62101781809486,54.74798282811349,13.284104302643557,281.47291010121006
2023-01-13 02:00:00,0.0,0.0,15.281637574075468,54.15856837760026,15.047704750137502,28.507250797986245
2023-01-13 03:00:00,0.0,0.0,14.384692162803558,70.37319750982805,19.02642540593024,76.46487077766615
2023-01-13 04:00:00,0.0,0.0,16.86806333175545,80.18818796176612,15.27566221065009,70.27198089973596
2023-01-13 05:00:00,0.0,0.0,15.744845943634369,71.99983853836359,6.1254625660747175,340.7966704782266
2023-01-13 06:00:00,0.0,0.0,13.362023937558611,70.3592175386709,8.117409448883206,93.99097633165225
2023-01-13 07:00:00,0.0,0.0,16.523704366942535,62.77337261309633,7.114998680246792,53.26861266151233
2023-01-13 08:00:00,0.0,0.0,14.82215775650634,73.28550610382186,16.583552369985814,61.5813190723188
2023-01-13 09:00:00,0.0,0.0,15.376551463114094,61.87061062859054,1.4349698797450539,308.58482412016866
2023-01-13 10:00:00,0.9988297119602437,0.8434342039571577,18.160711305829498,82.12147092736627,9.19598381813517,359.65619787094334
2023-01-13 11:00:00,3.5932251982821075,4.875994404952615,19.80555152905846,69.36922366188139,19.103613395511374,337.1810946819352
2023-01-13 12:00:00,0.0,0.0,16.69103219220117,77.23191967416841,15.72883469572731,164.06810540464195
2023-01-13 13:00:00,0.0,0.0,19.202668501342757,62.34635332186895,6.7188196801669635,158.67490216843373
2023-01-13 14:00:00,0.0,0.0,14.61675125591666,77.57102507122279,14.448431771331855,244.71065420907365
2023-01-13 15:00:00,0.0,0.0,16.093540602451505,76.94460590525216,3.764356734082639,255.44002024757648
2023-01-13 16:00:00,1.2039709398067164,0.6044015645633605,17.08786704421773,53.05118810782307,6.871853092152279,187.41944977629672
2023-01-13 17:00:00,0.0,0.0,15.001077857808692,60.56556941160564,17.78912629948976,89.32030322575237
2023-01-13 18:00:00,0.0,0.0,15.4877588543659,63.065976308510386,9.626572213912528,276.0063905506546
2023-01-13 19:00:00,0.0,0.0,16.019049586620028,68.21565651316209,15.97395504841966,44.22387391782677
2023-01-13 20:00:00,0.0,0.0,17.200954508676467,73.41855529332904,9.338398887032863,65.68709389358071
2023-01-13 21:00:00,0.0,0.0,18.18743965428389,52.94243329495167,13.308548574792521,36.95060414573354
2023-01-13 22:00:00,0.0,0.0,15.464809835824182,71.72723484127025,12.722920846502062,19.17218483093538
2023-01-13 23:00:00,0.0,0.0,17.604411182467665,52.37552110730325,9.307146674848674,227.77645948917308
2023-01-14 00:00:00,0.0,0.0,13.511434415813662,73.29570739031912,14.918872018128711,292.61812541770126
2023-01-14 01:00:00,0.0,0.0,18.540922349450767,71.36121262501487,8.875231416464331,292.7881685733595
2023-01-14 02:00:00,0.0,0.0,16.30056447365029,68.62067198309371,10.201962000437565,166.74000259383894
2023-01-14 03:00:00,0.0,0.0,19.0864075073409,64.02913866620665,13.731302821696676,12.62447428338941
2023-01-14 04:00:00,0.0,0.0,16.898216744690963,68.32566441130515,10.613578506124739,293.49048466522095
2023-01-14 05:00:00,0.0,0.0,20.246511642294656,50.656556633469435,12.68867840623839,358.1623080582389
2023-01-14 06:00:00,0.0,0.0,12.954448727721966,61.89125790154633,14.325107677249159,353.5415498610335
2023-01-14 07:00:00,0.0,0.0,17.68360534043498,65.53321679500938,13.276940595221692,84.84969502161293
2023-01-14 08:00:00,0.0,0.0,14.64251969597721,57.858012971397095,12.574544676872945,158.66824569918438
2023-01-14 09:00:00,0.0,0.0,17.190982307257237,68.91670206340774,11.490046589989063,136.2674675100608
2023-01-14 10:00:00,0.0,0.0,14.01265477701211,74.51113656344653,5.1476087561294595,79.94093952516631
2023-01-14 11:00:00,0.0,0.0,16.21204565848776,67.13921615387254,9.844276773966499,151.95374824271877
2023-01-14 12:00:00,0.0,0.0,17.008079091222402,82.71071663542736,10.146265705731423,286.4899904175571
2023-01-14 13:00:00,0.0,0.0,17.415722988332924,59.24345371808941,6.902573827739925,166.28622146648263
2023-01-14 14:00:00,0.0,0.0,18.106794202710933,84.97041999782527,9.024872857642203,244.55960947836667
2023-01-14 15:00:00,0.0,0.0,16.607423584663977,75.31162744647249,10.267606833466925,200.35772075532714
2023-01-14 16:00:00,0.0,0.0,17.875182749053526,91.80291966638673,10.678190465639108,325.8131668855603
2023-01-14 17:00:00,0.0,0.0,16.673487648905656,67.29577849847891,6.331086305572065,338.0873925345863
2023-01-14 18:00:00,0.0,0.0,13.853665185121224,88.81146213526547,9.501339504797967,81.87029124822
2023-01-14 19:00:00,0.22294418232126112,0.21547808711531094,20.47897207472928,69.98200008822451,5.0489904696967844,236.1939289952091
2023-01-14 20:00:00,0.0,0.0,16.70269699952206,65.40116665311142,13.348429009736247,83.6721875828582
2023-01-14 21:00:00,0.12874770621244216,0.08843064628996826,16.404345974600165,71.35321476332648,9.460653712846808,242.9678162755958
2023-01-14 22:00:00,0.0,0.0,16.52290823314499,67.22712542408223,12.140171075677575,31.815454664287973
2023-01-14 23:00:00,0.0,0.0,16.159123189610256,69.03016618604681,3.4221185264051956,285.20431931987065
2023-01-15 00:00:00,0.0,0.0,18.31174532190562,62.70836589345772,18.74666426678008,38.07785737619693
2023-01-15 01:00:00,0.0,0.0,16.301060595855468,60.064515977018864,0.0,258.1881863978478
2023-01-15 02:00:00,0.0,0.0,19.101797980702944,68.22480800118822,7.639628166267265,262.07534322779196
2023-01-15 03:00:00,0.0,0.0,21.359625841366658,57.5784607666703,6.261383172689906,14.920348347890236
2023-01-15 04:00:00,0.0,0.0,19.428279239183027,76.3409124737864,10.222111862751891,352.1782441134812
2023-01-15 05:00:00,0.0,0.0,20.064154890633862,63.483040396123066,1.7705914205489282,189.6534643240807
2023-01-15 06:00:00,0.0,0.0,16.805532526972204,71.25806774351369,13.079117761770974,118.48029985636447
2023-01-15 07:00:00,0.0,0.0,19.425643603311418,66.39523043659104,18.427830462507824,263.33438505986686
2023-01-15 08:00:00,0.0,0.0,16.487876934058363,74.56636503418683,17.761635010112187,338.85684033249794
2023-01-15 09:00:00,0.0,0.0,16.795083551765586,68.70897684556975,18.931972632644733,352.6929212345992
2023-01-15 10:00:00,0.0,0.0,18.21852376825387,50.89508024371876,11.057183700251562,270.0952276665245
2023-01-15 11:00:00,0.0,0.0,17.275849965622164,76.4712617367068,17.580769524818212,248.0586135521829
2023-01-15 12:00:00,0.0,0.0,20.477079568780546,68.3799565438819,13.492817740983567,269.5326945979669
2023-01-15 13:00:00,0.14155379027061543,0.13366725945758573,14.959430662549863,73.76755251179802,13.281493508590621,53.78445953231715
2023-01-15 14:00:00,0.1063971255244739,0.06501892186863595,18.868904094581183,77.0039888964558,2.9449740424039996,269.57250788546474
2023-01-15 15:00:00,0.0,0.0,17.30293562209913,72.0897577608232,18.485214307583355,200.79990863741435
2023-01-15 16:00:00,0.0,0.0,18.25893739881072,54.49368790224292,7.850763145191621,284.2804021357654
2023-01-15 17:00:00,0.0,0.0,17.177848926189334,72.0010608323825,9.348347765036323,255.41517021366317
2023-01-15 18:00:00,0.0,0.0,14.933625695022966,78.3029046719286,4.2446919977573385,249.34358473756552
2023-01-15 19:00:00,0.0,0.0,21.5277238219533,93.32715254287079,4.583875160562222,70.2958453026516
2023-01-15 20:00:00,0.0,0.0,14.444873043660142,74.44535665100194,9.810985424148164,334.90377791532615
2023-01-15 21:00:00,0.0,0.0,18.40063146145257,81.51395456807992,13.699387008199503,302.798293939235
2023-01-15 22:00:00,0.0,0.0,19.922672092342275,61.91918483541371,4.854711675251805,304.72280671039545
2023-01-15 23:00:00,0.0,0.0,17.393234179336446,65.36986736638563,0.0,220.63011503748425
2023-01-16 00:00:00,0.0,0.0,14.033905078935547,84.33364106250156,12.500536247860344,163.09246447690643
2023-01-16 01:00:00,0.0,0.0,16.02609098448656,66.53376638819445,23.237594211233706,213.0075381931663
2023-01-16 02:00:00,0.0,0.0,14.412847164146829,75.3574960724942,13.567221451265707,18.33785336348766
2023-01-16 03:00:00,0.0,0.0,15.043406807582734,74.83892217757025,6.20287530572046,32.09536144139221
2023-01-16 04:00:00,0.0,0.0,17.369692660910566,65.74173619049779,11.495532645675064,25.635676403613434
2023-01-16 05:00:00,0.0,0.0,17.322548736137616,50.5305117469161,19.16524647477855,154.03862645919466
2023-01-16 06:00:00,0.0,0.0,17.337195561669436,73.71462750632341,7.4583618341010265,165.98374052536636
2023-01-16 07:00:00,0.0,0.0,18.577372793693076,64.60332216067351,11.504803318619123,271.8226983959803
2023-01-16 08:00:00,0.0,0.0,19.32483867155701,57.47712147901826,7.025830292290088,60.10705653034014
2023-01-16 09:00:00,0.0,0.0,20.602119545291654,83.52087429432898,19.45336338606098,25.96220512175516
2023-01-16 10:00:00,0.0,0.0,18.1405337840281,77.33383442758276,8.71285152236176,313.87887976943233
2023-01-16 11:00:00,0.0,0.0,13.621516300922513,79.25190449424974,13.176450156420959,6.564925445685441
2023-01-16 12:00:00,0.0,0.0,16.98922252476131,66.58695279025333,10.863825513927564,249.91666742080574
2023-01-16 13:00:00,0.0,0.0,18.15416079498356,73.83673924434895,16.025785931738636,74.99811921913468
2023-01-16 14:00:00,0.0,0.0,18.317769049556382,78.19091423187942,8.806084004118985,339.8860854503655
2023-01-16 15:00:00,0.0,0.0,20.842961248860306,60.02516664300712,12.996869061075307,110.77517622626902
2023-01-16 16:00:00,0.0,0.0,17.241082039609747,71.54302271278362,12.204395212673209,8.2147812413326
2023-01-16 17:00:00,0.5224128176231636,0.5446717612265867,21.63189758568812,71.95142680024225,11.926430208317479,282.66169236398724
2023-01-16 18:00:00,0.0,0.0,15.70360339792941,83.90709042656886,15.279542942285094,293.8142679432392
2023-01-16 19:00:00,1.6896083801882382,1.8163722964810025,16.413169393782592,97.87325371974605,2.8682093924435117,294.53381497719874
2023-01-16 20:00:00,0.0,0.0,17.03232404078814,60.61403729177176,10.083453752519729,14.980122704215685
2023-01-16 21:00:00,2.161997155958487,4.003932943605986,18.645697605734142,56.41045773797053,13.537593143994723,316.7330329335251
2023-01-16 22:00:00,0.0,0.0,18.549720984239723,62.60609131122168,5.933767277558598,307.34502208047724
2023-01-16 23:00:00,0.0,0.0,20.360369229103515,64.57676072205074,0.40384224541180624,116.70845370294931
2023-01-17 00:00:00,0.0,0.0,19.283072523010407,65.02860429911335,2.2259666808790834,162.624729443342
2023-01-17 01:00:00,0.0,0.0,17.012172164719114,81.50873386767714,16.568765870020112,222.16189395887952
2023-01-17 02:00:00,0.0,0.0,16.01351257327494,75.59756292661767,6.049549971219136,72.27662753066954
2023-01-17 03:00:00,0.0,0.0,18.506130324837677,72.52106624555859,13.159654215201265,91.01797828964624
2023-01-17 04:00:00,0.0,0.0,15.41973393435499,64.27012730173054,10.683823230244313,327.3005216586677
2023-01-17 05:00:00,0.0,0.0,18.516645951122293,73.90502036012116,10.12640757403027,255.38389224128355
2023-01-17 06:00:00,0.4110185575691039,0.33552029480320705,17.312672487523486,71.34676784656956,19.496991177495627,346.0292705125948
2023-01-17 07:00:00,0.6958598860587487,0.3730823282313209,20.492005151161273,65.94693281984382,14.629922980579682,88.91670231198506
2023-01-17 08:00:00,0.0,0.0,17.94095800851878,87.09619957409627,0.0,123.59905025214778
2023-01-17 09:00:00,0.0157575551269615,0.023126540914849208,15.296019054460128,54.99373226486602,8.685967946782911,123.82302302734927
2023-01-17 10:00:00,0.0,0.0,14.930311693062938,89.3245817863854,8.281374096228989,120.46167300918454
2023-01-17 11:00:00,0.0,0.0,16.851083387115217,71.44488254770509,12.706464739628432,237.62127520574234
2023-01-17 12:00:00,0.0,0.0,17.22105780703519,66.2531324164371,12.418377711762847,60.74349000771966
2023-01-17 13:00:00,0.0,0.0,17.074481403798792,67.64723306208394,7.962606262450348,4.145693165873876
2023-01-17 14:00:00,0.0,0.0,17.746270812028936,91.67028972453149,9.855635870889541,70.73075072857849
2023-01-17 15:00:00,0.0,0.0,14.959592800977617,64.3516035920775,19.557231750857305,195.64352451401157
2023-01-17 16:00:00,0.05191995049520694,0.058784301480241004,17.936125008465233,46.083204982700074,8.30596075649943,102.94156772295298
2023-01-17 17:00:00,0.0,0.0,14.587737405682795,72.05421000278542,12.441817832079199,90.40648430532646
2023-01-17 18:00:00,0.0,0.0,14.80680513527194,74.82221617695174,8.684532599360564,308.29341964111535
2023-01-17 19:00:00,0.0,0.0,18.940211517224355,67.24642438360512,5.67053205143878,287.6191600863374
2023-01-17 20:00:00,0.0,0.0,20.060051233917235,91.88090125019524,10.335874867152555,330.0500446632356
2023-01-17 21:00:00,0.0,0.0,19.135666180682442,49.43524454916941,6.226228665714495,296.65024376907166
2023-01-17 22:00:00,0.0,0.0,17.390023096843112,77.37877109896365,15.050566282016261,292.81785856714936
2023-01-17 23:00:00,0.0,0.0,17.243808274530274,95.12745522858428,5.75645364395549,80.07468974814384
2023-01-18 00:00:00,0.0,0.0,20.61406277193343,53.80110042925001,1.935267375919757,111.17447443207482
2023-01-18 01:00:00,0.0,0.0,15.118226208727574,57.3921680179662,9.189444876929878,22.228073608139802
2023-01-18 02:00:00,0.0,0.0,19.160683555921548,58.19784722394383,10.934240537907026,185.4594180029565
2023-01-18 03:00:00,0.0,0.0,18.78529638633445,59.27319255941058,11.484672566062663,156.00753960366552
2023-01-18 04:00:00,0.0,0.0,16.413307198736867,72.4146585006671,1.658964055724419,174.26720526845432
2023-01-18 05:00:00,0.0,0.0,18.72504319617051,78.01182059952772,8.47782329283758,342.11978569788624
2023-01-18 06:00:00,0.0,0.0,18.870829121829757,50.43587659674482,17.63768099047057,337.13026624402596
2023-01-18 07:00:00,0.0,0.0,17.89875663381985,76.71414601770188,4.578800220714827,52.678316577851234
2023-01-18 08:00:00,0.0,0.0,18.71432210898611,73.03827272144929,12.515580490891708,215.8246837602943
2023-01-18 09:00:00,0.0,0.0,13.6248864180738,59.40546637187469,2.007893120226968,312.19255030810143
2023-01-18 10:00:00,0.0,0.0,15.655726146490622,67.94471731647788,17.505605772018896,92.80322277675403
2023-01-18 11:00:00,0.0,0.0,17.00255900089571,75.46138612667684,16.238934988259338,61.21230062772153
2023-01-18 12:00:00,0.0,0.0,18.8075199613136,77.94464545677096,10.454333712626537,217.22408377211983
2023-01-18 13:00:00,0.0,0.0,15.34802282183602,71.9674036426105,11.75699642412559,124.48796049524474
2023-01-18 14:00:00,0.0,0.0,19.141062354279946,71.49944666820183,12.313067634898397,13.273297480979394
2023-01-18 15:00:00,0.0,0.0,18.796201583358858,66.39309003237811,10.95198783059728,213.97735166969932
2023-01-18 16:00:00,0.0,0.0,18.828934809149306,65.16867706949351,18.516546578289493,161.7837182063344
2023-01-18 17:00:00,0.0,0.0,16.79120130271809,74.07185870893134,9.845969447090878,143.86617154746753
2023-01-18 18:00:00,0.0,0.0,16.130257824818806,70.33508134015379,14.486749665289011,182.29615958788804
2023-01-18 19:00:00,0.0,0.0,21.403765832632022,88.74143166634181,16.35674843542847,339.6249275912509
2023-01-18 20:00:00,0.0,0.0,17.55567759374284,66.61075792029096,7.238819939130822,295.17012964470615
2023-01-18 21:00:00,0.0,0.0,20.029570222919894,83.09600860785514,12.107344626395967,207.9540421739959
2023-01-18 22:00:00,0.0,0.0,14.909682765967972,73.07210157230668,8.319625260860596,174.01808623185875
2023-01-18 23:00:00,0.0,0.0,13.730122884857899,59.6843327698574,3.033551233414893,59.37978984041619
2023-01-19 00:00:00,0.0,0.0,19.562698312015087,58.45849039348342,5.019499565185685,318.04483557484235
2023-01-19 01:00:00,0.0,0.0,19.057997488784373,54.3028112914601,13.461525529526789,123.02630945566862
2023-01-19 02:00:00,0.0,0.0,19.69969601901734,53.35624041028068,8.254135938318617,106.25210676978325
2023-01-19 03:00:00,0.0,0.0,19.66632675776108,62.85424705283529,8.35526454309952,356.77521241359295
2023-01-19 04:00:00,0.0,0.0,14.644497006336518,75.65936506394192,6.2642966689973925,113.21655915528521
2023-01-19 05:00:00,0.0,0.0,19.70072268027336,72.87775696325322,0.0,179.2670525817521
2023-01-19 06:00:00,0.0,0.0,11.927427272674635,59.0443845358384,1.1452151269751576,335.7755564832901
2023-01-19 07:00:00,0.0,0.0,15.512960186779232,60.415306053159796,12.704800123926836,80.38107714365376
2023-01-19 08:00:00,0.0,0.0,15.464030712717923,80.03382995248721,9.662880419359807,61.9943110555483
2023-01-19 09:00:00,0.0,0.0,19.50246876572522,61.52239043525485,16.155596173456896,169.75822963505337
2023-01-19 10:00:00,0.0,0.0,20.130135628546615,77.98400450340539,13.818066009460592,320.3032989525791
2023-01-19 11:00:00,0.3236595885372899,0.39098452599395506,18.785355492085305,60.20821315776525,12.166934848493806,200.23518397479498
2023-01-19 12:00:00,0.0,0.0,18.987574060970683,76.6219668983306,8.665847092492715,145.38602306189637
2023-01-19 13:00:00,0.0,0.0,18.088654416783665,78.34412704634641,13.056042580047636,310.26556722863813
2023-01-19 14:00:00,0.0,0.0,21.875649360733355,74.42403509401956,20.334796070604412,121.75050242613825
2023-01-19 15:00:00,0.0,0.0,16.831899857983935,78.6745256078671,9.563371912358939,256.80769797934835
2023-01-19 16:00:00,1.9782312436721758,1.3704691096197792,18.94993028602319,60.64890091475094,13.15345110936168,195.50049142505048
2023-01-19 17:00:00,0.0,0.0,16.423194431320294,65.44254209539359,10.263364658468573,270.46808020860345
2023-01-19 18:00:00,0.0,0.0,17.001140217228617,74.05064407167285,0.526163898227473,169.18407592076596
2023-01-19 19:00:00,0.0,0.0,23.700896646084423,59.319963695502274,6.867727279470464,18.661970041286047
2023-01-19 20:00:00,0.0,0.0,21.544451876976677,69.21172532084121,8.208299584472408,204.87583828161502
2023-01-19 21:00:00,0.0,0.0,20.41552726614303,62.29263135390182,13.096395430123073,17.469341524009167
2023-01-19 22:00:00,0.0,0.0,21.78448657378132,84.77616481120299,10.965677335757693,207.75643249419468
2023-01-19 23:00:00,0.0,0.0,21.03993776669411,86.21035312671223,9.140087542817337,109.07595228702687
2023-01-20 00:00:00,0.0,0.0,17.8481092738235,65.27034803094244,13.563459744531912,209.1859200526593
2023-01-20 01:00:00,0.0,0.0,18.047116377216494,69.18672176183294,5.998017884325658,266.31301472205746
2023-01-20 02:00:00,0.0,0.0,20.85800713774997,85.32833514281144,8.412660695365943,329.9609302100074
2023-01-20 03:00:00,0.0,0.0,16.953427495884213,53.662600584867675,11.853724060563396,247.1699991093123
2023-01-20 04:00:00,0.47818985004803094,0.3558734261696465,16.930755056002877,55.0446151421365,8.329741922722853,297.90356310175974
2023-01-20 05:00:00,0.0,0.0,19.390733150980726,88.12331395640693,4.99538925676613,47.24160010218292
2023-01-20 06:00:00,0.0,0.0,19.346274489430712,74.15885002317232,5.978375460368272,84.30593156119049
2023-01-20 07:00:00,0.0,0.0,19.302937432827164,87.82378439760436,17.552836508359682,219.64661912617845
2023-01-20 08:00:00,0.0,0.0,11.866401853580934,86.36399650561926,17.93370914629608,235.41515674672118
2023-01-20 09:00:00,0.0,0.0,17.279014619706043,51.28551028903443,7.8663774382369835,196.1354245174818
2023-01-20 10:00:00,0.0,0.0,15.489238222478129,66.09967377157268,13.11337016912224,94.51787692019396
2023-01-20 11:00:00,0.0,0.0,17.8682362744493,73.41844010404996,6.322422243425744,17.76525785774811
2023-01-20 12:00:00,0.0,0.0,18.34752931346484,71.07258119113656,16.736736583197573,244.00947129439083
2023-01-20 13:00:00,0.0,0.0,20.17965013863556,65.53241566396852,8.644643563249478,156.2072001472508
2023-01-20 14:00:00,0.0,0.0,17.765830460473023,68.34191371819175,15.494292693191337,137.40041205675266
2023-01-20 15:00:00,0.0,0.0,18.78275726144294,71.00664881289568,14.702873792746992,236.9057005489156
2023-01-20 16:00:00,0.0,0.0,21.681927380061126,71.94703728663607,8.699947439257185,206.34045506451878
2023-01-20 17:00:00,0.0,0.0,18.54705361706591,46.98312058853211,20.718441176484248,154.1141461607973
2023-01-20 18:00:00,0.0,0.0,18.66150994100829,65.78096508484121,13.99457116471168,81.0804196544513
2023-01-20 19:00:00,0.0,0.0,15.918698617385063,81.93851515342644,12.617240106439612,1.9511834778805204
2023-01-20 20:00:00,0.0,0.0,20.815009641151992,59.66636874776832,12.082501603349886,3.6775510571332326
2023-01-20 21:00:00,0.0,0.0,17.914640037134347,65.12157951247741,7.902253373230162,10.76997016735242
2023-01-20 22:00:00,0.0,0.0,15.932273651968702,67.91232162942512,11.566349824358602,64.99590305499109
2023-01-20 23:00:00,0.0,0.0,19.034813901667114,67.59773088700015,0.7226948602689909,346.06620140812436
2023-01-21 00:00:00,0.0,0.0,19.72158730409594,76.92785726813278,11.287007391330986,248.2158007180991
2023-01-21 01:00:00,0.0,0.0,18.35019923422414,67.5170911326396,15.669887001552652,260.56112729927463
2023-01-21 02:00:00,0.0,0.0,18.857685999043536,79.4999252752137,0.8496172351732356,348.12664097635786
2023-01-21 03:00:00,0.0,0.0,18.851382281912638,65.8485993910279,12.241983306739886,230.17023009350726
2023-01-21 04:00:00,0.0,0.0,19.79222133786025,74.46813465591966,6.836215179106764,352.98085879736186
2023-01-21 05:00:00,0.0,0.0,18.75593752016199,76.792967727799,1.380558875058867,305.2378552296434
2023-01-21 06:00:00,0.0,0.0,18.272582554519193,71.90402169702983,12.877442718141953,325.11690886553396
2023-01-21 07:00:00,0.0,0.0,17.037746264618033,72.356246472619,16.22783822268547,213.05133262140885
2023-01-21 08:00:00,0.0,0.0,17.6705270267672,69.56144205404169,3.6182377222777884,69.34069420338288
2023-01-21 09:00:00,0.0,0.0,18.76548546707168,72.41055134097246,2.2848967432771317,34.55394029559177
2023-01-21 10:00:00,0.0,0.0,17.34658172058887,69.2373557635858,7.348559436472234,83.20733505434318
2023-01-21 11:00:00,0.0,0.0,16.724703578027135,61.31537781346554,15.396738395154175,10.210903247590224
2023-01-21 12:00:00,0.0,0.0,19.256118128757237,74.86930115682986,10.065621900999975,11.125444527477729
2023-01-21 13:00:00,0.0,0.0,17.791900712948028,74.91923025269652,14.394730490395101,162.27177877734917
2023-01-21 14:00:00,0.0,0.0,20.17073255689303,74.85906986562252,1.353120005691727,102.86918565919531
2023-01-21 15:00:00,0.0,0.0,17.327996245637767,90.25098345305281,0.0,175.5644330725777
2023-01-21 16:00:00,0.0,0.0,17.699154648655938,73.32892341243773,11.98966274075798,95.97226840308076
2023-01-21 17:00:00,0.0,0.0,19.86922577919782,75.76900083586936,5.926332408340787,142.7553863367221
2023-01-21 18:00:00,0.0,0.0,20.821802424002183,84.25569551121163,7.246441417401444,332.39603845326207
2023-01-21 19:00:00,0.0,0.0,21.716885213107442,84.45653341021605,1.150373444508086,324.3434160178858
2023-01-21 20:00:00,2.719448613871167,2.4126281108792482,17.77459229283022,91.71572047758647,13.866416193973341,356.92894059888266
2023-01-21 21:00:00,0.0,0.0,18.239917641797028,74.1616940399534,11.138614538190335,229.82421417753542
2023-01-21 22:00:00,0.0,0.0,18.93061903962113,63.567331196081625,10.530341786502433,268.4872385403321
2023-01-21 23:00:00,0.16367522556569314,0.2457592577910025,18.4545963275584,65.91300868502186,14.179157125995388,89.00782258508202
2023-01-22 00:00:00,0.0,0.0,14.03431841937195,61.10975591946164,9.726368638451465,285.89447494922905
2023-01-22 01:00:00,0.0,0.0,23.722671506926073,81.11581687327003,11.268339716191583,349.4408442863203
2023-01-22 02:00:00,0.0,0.0,18.89187820058473,74.90604849913973,12.20510874404218,204.89889500082546
2023-01-22 03:00:00,0.0,0.0,17.183143409487954,69.26751797015709,5.512718863396266,170.04085236245308
2023-01-22 04:00:00,0.0,0.0,16.031878410561482,72.37918736535427,7.056563952404707,280.48286334190993
2023-01-22 05:00:00,0.0,0.0,18.083803574366467,77.89156447716825,8.196026016176756,231.44731162941778
2023-01-22 06:00:00,0.0,0.0,16.177315704758538,62.41930300670377,10.735994084791667,115.48617972770126
2023-01-22 07:00:00,0.0,0.0,17.881550227973758,66.82931779343635,12.928702502623851,334.09514299535357
2023-01-22 08:00:00,0.0,0.0,20.84025588434214,66.4116445269341,11.41253687835672,51.53196831390256
2023-01-22 09:00:00,0.0,0.0,19.58945204503234,69.23935728279525,8.802325071438291,158.79305594180786
2023-01-22 10:00:00,0.0,0.0,17.737875458933228,49.224361619234145,14.232693949815356,88.87054692778014
2023-01-22 11:00:00,0.0,0.0,20.641376520186654,75.24853875476468,5.439787542996232,184.51474571666324
2023-01-22 12:00:00,0.0,0.0,19.074438381625033,66.94746203971388,8.143608886614345,129.33362378925946
2023-01-22 13:00:00,0.0,0.0,18.387861846401897,66.05256805289031,3.7225926828746045,110.46025713159092
2023-01-22 14:00:00,0.0,0.0,23.795134208769923,52.316176465191525,6.270239215252829,329.1252769724578
2023-01-22 15:00:00,0.0,0.0,15.258205707924134,68.79059220767732,16.14796491301484,34.536328523475454
2023-01-22 16:00:00,0.9254548889132849,0.6189916640126196,19.17935033189147,57.88296944324606,10.64629377158987,111.05866082003436
2023-01-22 17:00:00,0.0,0.0,18.31911449944108,93.20196613976852,0.0,111.35207685685376
2023-01-22 18:00:00,0.0,0.0,17.200602054377846,78.52192595405783,11.052202866454184,156.56791342920135
2023-01-22 19:00:00,0.0,0.0,18.140365358726807,74.26219038676822,6.392367668426941,231.19382790873817
2023-01-22 20:00:00,0.0,0.0,19.400713266988983,79.20615334539139,7.212373117021688,28.91999995354805
2023-01-22 21:00:00,0.0,0.0,16.273903170474448,61.981068357080886,5.446163958253539,12.628398947391236
2023-01-22 22:00:00,0.0,0.0,19.87689802789034,88.87491982122695,8.822429805992364,76.82106940141189
2023-01-22 23:00:00,0.0,0.0,17.195711958205294,58.2886026608829,11.938274580629898,36.52333597441587
2023-01-23 00:00:00,5.2652554992186325,4.0057872954754,17.35159019810007,70.23799208348683,17.552916335879253,250.5610530515608
2023-01-23 01:00:00,0.0,0.0,23.472877566954107,71.45440279142305,13.139752177793397,44.04027314736923
2023-01-23 02:00:00,0.0,0.0,20.023536296910777,57.768196655680825,14.774981577997234,271.58132919270236
2023-01-23 03:00:00,0.0,0.0,18.79321188698025,73.99596585595097,8.87827347168395,236.64730217828796
2023-01-23 04:00:00,0.0,0.0,20.666546544190336,52.1934457603964,10.24026208272417,137.8603934118421
2023-01-23 05:00:00,0.0,0.0,22.419859219271775,74.59655763609172,10.250078885682889,179.68336093164018
2023-01-23 06:00:00,0.0,0.0,18.870755722748754,61.45976420970946,10.076492522860072,296.6736525957105
2023-01-23 07:00:00,0.0,0.0,19.25854037962835,96.58692733356108,10.734716124571783,5.25426858866104
2023-01-23 08:00:00,0.0,0.0,22.322654489645092,64.50971968395532,3.9086318334666736,122.09926180485097
2023-01-23 09:00:00,0.0,0.0,17.4689070838265,77.00715601569533,17.56196985301186,67.2674255443288
2023-01-23 10:00:00,0.0,0.0,22.642580604323015,59.57067851503155,5.5327408249069885,224.38778675699206
2023-01-23 11:00:00,0.21685891942861657,0.295571446023775,21.321818916081476,74.74692535463087,6.8570662331804195,9.853725637563237
2023-01-23 12:00:00,0.0,0.0,19.73267204959768,65.89722513421903,9.116391271074088,82.75670828285519
2023-01-23 13:00:00,0.12420608344116521,0.1907169444002197,19.47178453148283,66.91622655973141,7.150057807296833,217.2019200237275
2023-01-23 14:00:00,0.0,0.0,19.61330669549788,67.8105296269078,12.271047183224312,143.32514053801796
2023-01-23 15:00:00,0.0,0.0,17.05188185541327,70.39687327330113,13.306773404590281,2.4644328034028318
2023-01-23 16:00:00,0.6922482770651315,0.9502502704483085,19.031748600096375,82.35211686183645,4.377538033682079,2.144852984427188
2023-01-23 17:00:00,0.0,0.0,19.696570676119702,79.99633306416347,14.563825859895607,49.91115018527062
2023-01-23 18:00:00,0.0,0.0,18.438364161948915,72.70970505754434,8.329315402154652,31.30395554913985
2023-01-23 19:00:00,0.0,0.0,18.403866863598203,75.05808691068977,5.197538074962658,261.0992102140606
2023-01-23 20:00:00,0.3887079241001689,0.24561121937684244,21.844941399312265,59.760057950866724,7.680766198031318,181.09941616928484
2023-01-23 21:00:00,0.0,0.0,15.442847976478008,64.57712805334965,8.171614101845163,323.74988268093773
2023-01-23 22:00:00,0.0,0.0,16.934558428431192,69.0554135784719,2.3235745761387214,116.31498194994201
2023-01-23 23:00:00,0.0,0.0,21.198239637663118,78.967563581122,9.038007727348981,77.22015821672254
2023-01-24 00:00:00,0.0,0.0,16.2367919117153,90.65594658016838,5.084177905898436,123.252336762676
2023-01-24 01:00:00,0.0,0.0,19.055597596419204,64.71819901518172,17.97338535538113,231.96046038355075
2023-01-24 02:00:00,0.0,0.0,20.72606843399196,91.01027687411549,13.128255620975285,79.91379224849031
2023-01-24 03:00:00,0.0,0.0,17.145365955985625,64.80973732785135,12.732156138869213,44.07179095332063
2023-01-24 04:00:00,0.0,0.0,20.981089767052595,73.98818806513388,6.121145903074189,217.73838600504075
2023-01-24 05:00:00,0.0,0.0,19.283008265756155,67.5735780286491,4.6100581813341694,93.99116817168142
2023-01-24 06:00:00,0.0,0.0,18.513894716150375,70.30070461047731,3.2381951729009173,11.061827638295657
2023-01-24 07:00:00,0.0,0.0,19.76636924962509,72.59719113529125,12.149623446955175,183.47271351499467
2023-01-24 08:00:00,0.0,0.0,17.557819827261785,84.12790394104431,11.07731632946063,3.7452502793564735
2023-01-24 09:00:00,0.0,0.0,17.66316190884049,57.84289643878469,7.333126574988228,188.42914197722828
2023-01-24 10:00:00,0.0,0.0,21.057958493245337,59.10200679867861,13.061785516640324,210.00336847761722
2023-01-24 11:00:00,0.0,0.0,17.125196942759125,76.33683847842654,11.19784935764726,250.26348555348454
2023-01-24 12:00:00,0.0,0.0,19.540824141419524,54.03953860367269,18.77885519992314,202.91869148268844
2023-01-24 13:00:00,0.0,0.0,18.428591101659755,64.31741132495648,9.037853979164556,144.6935687876613
2023-01-24 14:00:00,0.0,0.0,18.547305486546207,61.93121947303399,11.510253912156925,4.814009638180337
2023-01-24 15:00:00,0.0,0.0,17.413088849968236,55.55873678121685,13.36064048329801,15.828943838016958
2023-01-24 16:00:00,0.0,0.0,18.477490212986087,55.74943163389147,8.691995744400627,294.10120310754337
2023-01-24 17:00:00,4.302415900203945,5.359985301379681,16.38489477953156,74.9824510155377,12.999705127991813,229.59720541412617
2023-01-24 18:00:00,0.0,0.0,16.69954166384437,75.8747984723741,3.381435786483392,83.74973657481227
2023-01-24 19:00:00,0.0,0.0,17.007127830493054,90.27650143517846,7.885065149989235,349.3215600981468
2023-01-24 20:00:00,1.919957216581302,2.175064658246959,18.27948342032866,79.98328299856446,2.154475865700559,304.45583224863816
2023-01-24 21:00:00,0.0,0.0,17.95213799720906,74.65097705804537,10.258406589373765,289.91982959795024
2023-01-24 22:00:00,0.0,0.0,20.03439627888041,81.26875362542248,17.31075408627855,184.40817483084373
2023-01-24 23:00:00,0.0,0.0,20.000829767789412,67.90700852090878,6.602671010921106,20.229195543001502
2023-01-25 00:00:00,0.0,0.0,20.540475263162115,80.61204468068485,10.932026112711657,176.20619788424239
2023-01-25 01:00:00,0.0,0.0,21.227674978287773,61.45055246817244,20.418728396230453,337.2409399031907
2023-01-25 02:00:00,0.0,0.0,20.887831348418153,66.77646717866406,8.57643954892245,188.9930880318867
2023-01-25 03:00:00,0.0,0.0,19.666141820541625,76.97616114242676,13.229170707044258,289.3721500002883
2023-01-25 04:00:00,0.0,0.0,20.594041364247,63.37970739538189,12.604580907027728,46.43111285182443
2023-01-25 05:00:00,0.0,0.0,19.45004305845702,36.531290089427216,4.593705138773716,226.62774276608226
2023-01-25 06:00:00,0.0,0.0,19.053422169533885,79.81017937989569,16.348900809739096,53.1577196995454
2023-01-25 07:00:00,0.0,0.0,19.347390995982202,68.40415111755196,6.03283697794471,105.64872332853015
2023-01-25 08:00:00,0.0,0.0,15.424229605715535,67.47843323991033,3.3715658199133025,30.06300533931921
2023-01-25 09:00:00,0.0,0.0,17.460344068532667,56.989769601738196,8.137709279714128,312.7642033732463
2023-01-25 10:00:00,0.0,0.0,16.017878113289655,76.72565654004272,8.250048114120117,229.59385441573335
2023-01-25 11:00:00,0.0,0.0,20.93467217656937,78.17707568636567,6.451285994986801,224.71187427797017
2023-01-25 12:00:00,0.0,0.0,18.37975341704497,68.85768221569242,9.636346600073189,66.35748658342753
2023-01-25 13:00:00,0.0,0.0,19.258708324427122,64.39345889811003,4.300524410939702,16.347966025241938
2023-01-25 14:00:00,0.0,0.0,19.64946188785606,62.18794504078075,11.178124823356068,326.6896109681546
2023-01-25 15:00:00,0.0,0.0,18.92493567740977,72.89031844009608,8.540915680080609,298.50978219717155
2023-01-25 16:00:00,0.0,0.0,16.767094060314868,72.48028446501688,9.777229398174942,133.0538770262545
2023-01-25 17:00:00,0.0,0.0,18.240709439580645,58.58651834468971,0.0,324.88024321427935
2023-01-25 18:00:00,0.0,0.0,19.80164462638851,74.61922613303794,16.341673189015744,133.60948429515886
2023-01-25 19:00:00,0.0,0.0,20.526183947752994,67.97104357764931,6.926308862713609,60.767423054344015
2023-01-25 20:00:00,0.0,0.0,15.169184629416206,71.24218357671874,18.40955276481317,180.92819877090565
2023-01-25 21:00:00,0.0,0.0,16.07587059230801,75.10238903255602,17.545634788942944,186.1764884406736
2023-01-25 22:00:00,0.0,0.0,18.165949157576705,52.63726093340343,15.214235508757055,111.4140288454386
2023-01-25 23:00:00,0.0,0.0,20.327278827085475,87.46639837533301,12.991181122604994,95.05076750517324
2023-01-26 00:00:00,0.0,0.0,20.626939512916238,87.53003047972706,11.2575238004062,101.71462686439159
2023-01-26 01:00:00,0.0,0.0,20.052496746409094,75.55468397106084,12.000681584171277,345.7419728786808
2023-01-26 02:00:00,0.0,0.0,18.49700268378084,54.00206456073466,11.498185676566777,326.9257631525058
2023-01-26 03:00:00,0.0,0.0,20.357194210938225,68.85929932793319,10.120946505656566,85.84942457444454
2023-01-26 04:00:00,0.08038211298821794,0.0422340029543522,17.50844031960236,62.9458015516718,3.834728864771746,121.68883720789434
2023-01-26 05:00:00,0.023355175632888293,0.0128467709623713,17.891174073599952,61.02103761638764,7.384574140771524,103.91480791966619
2023-01-26 06:00:00,0.0,0.0,17.695562768329644,58.51862151655124,8.687712036693517,7.183606972481251
2023-01-26 07:00:00,0.0,0.0,20.2191407914404,76.72791740643393,13.468179316326673,159.18364300900004
2023-01-26 08:00:00,0.0,0.0,17.93955655892056,74.53765505854822,12.474400296254293,279.893551227354
2023-01-26 09:00:00,0.0,0.0,17.984803216904098,64.52445450414858,9.732588380820971,314.150727666669
2023-01-26 10:00:00,0.0,0.0,21.907990702725353,65.36197105927295,3.5080383385241642,19.392131014887802
2023-01-26 11:00:00,0.0,0.0,17.686798218753136,65.99559428727594,8.621436488639473,358.36923443630843
2023-01-26 12:00:00,0.0,0.0,24.197169132350943,82.67964241258979,13.887094248082231,41.31674253992975
2023-01-26 13:00:00,0.0,0.0,21.826496811001007,60.58310723744514,14.862472311957088,84.71592673453495
2023-01-26 14:00:00,0.0,0.0,18.396331420222523,89.72841884079703,5.915534909066376,169.8157529747214
2023-01-26 15:00:00,0.0,0.0,17.760532396782573,80.55863090367752,7.349749097314973,7.15167706758872
2023-01-26 16:00:00,0.0,0.0,20.93637887876628,82.05034689888896,13.607435443712971,278.46747684437685
2023-01-26 17:00:00,0.0,0.0,17.333677014878045,71.94008356487174,9.200387047814482,97.70896263567515
2023-01-26 18:00:00,0.0,0.0,20.182000140233736,77.25727134184075,6.930049060223898,33.99320457729522
2023-01-26 19:00:00,0.0,0.0,19.992119814852064,75.77290768483694,11.099535329731838,47.28523399745116
2023-01-26 20:00:00,0.0,0.0,20.916661366406437,72.40021051686108,15.223615428028657,21.425958777302743
2023-01-26 21:00:00,0.0,0.0,17.229527530940935,61.95788291964238,8.196083562108711,210.33749314646113
2023-01-26 22:00:00,0.0,0.0,18.24126165657647,48.243286397472176,5.184431889059308,131.46499010128133
2023-01-26 23:00:00,1.2108036257894106,2.233244334231777,22.000713411305675,70.66663544133824,7.760879752560802,60.790968356457626
2023-01-27 00:00:00,0.0,0.0,23.859241834515792,70.59369706158326,17.606599239855033,192.76105924126188
2023-01-27 01:00:00,0.0,0.0,20.15911343121573,59.27863844077635,9.438234009761116,71.04577341074656
2023-01-27 02:00:00,0.0,0.0,21.568256986744228,66.3380411577,10.710106786551147,159.56794404263186
2023-01-27 03:00:00,0.08891982172563151,0.05347935936955149,19.033699505351525,66.76099756979977,6.685124076684608,217.55595762994957
2023-01-27 04:00:00,0.0,0.0,19.907306525656143,68.96454838212819,7.78378867490412,349.52483193730535
2023-01-27 05:00:00,0.0,0.0,21.74790650998466,59.51036506711639,6.068096752877087,357.9913337194155
2023-01-27 06:00:00,0.0,0.0,19.27983277931237,74.8886936696647,6.338605214056163,80.76927840822219
2023-01-27 07:00:00,0.0,0.0,16.31070179293326,70.56273355887308,9.234247619576754,148.30741990593586
2023-01-27 08:00:00,0.0,0.0,18.841091962671335,48.348645540736385,9.683019817680089,179.70075257805902
2023-01-27 09:00:00,0.0,0.0,21.785121018809622,83.6303666487807,18.961875753308057,5.655342578138973
2023-01-27 10:00:00,0.0,0.0,22.015116392597044,64.28691261448611,8.360097775627274,77.90967875413594
2023-01-27 11:00:00,0.0,0.0,15.795833162635162,80.77847645731943,17.006811406310117,211.41857985121388
2023-01-27 12:00:00,0.0,0.0,21.305267566011803,60.19858763597132,3.6710606424032943,346.4710730039325
2023-01-27 13:00:00,0.0,0.0,16.703015754507117,80.05346703446531,0.0,79.18305828034467
2023-01-27 14:00:00,0.0,0.0,20.80452569516545,74.78980973345983,16.239275358862677,302.08337140677384
2023-01-27 15:00:00,0.26640268870066375,0.1958914028726491,18.602260069701636,60.33289977363374,17.60046697348557,77.4272422524083
2023-01-27 16:00:00,0.0,0.0,21.70381059640526,73.96338175852117,7.971660464835538,203.58069880939246
2023-01-27 17:00:00,0.0,0.0,18.490460273329013,66.31524420777049,11.990433708586153,7.167343972307347
2023-01-27 18:00:00,0.0,0.0,19.507702970119812,66.854253602321,13.006899092257324,152.14054927623482
2023-01-27 19:00:00,0.0,0.0,20.154057680828704,72.32484189705825,1.1093626633056741,324.06312547644643
2023-01-27 20:00:00,0.0,0.0,19.47778721367496,48.87058061172606,9.498137897934543,118.86735748941541
2023-01-27 21:00:00,0.0,0.0,18.707114751738334,81.74874875733954,2.601654328266547,162.784327499151
2023-01-27 22:00:00,0.0,0.0,18.369391690957052,64.51801822676067,18.19300552209627,268.08953117190106
2023-01-27 23:00:00,1.1004892565008015,0.974566663817861,16.72763035259723,65.07304079052408,5.512782297159509,353.63181890763656
2023-01-28 00:00:00,0.0,0.0,21.78551340267907,87.3291658630836,11.791279181936753,212.2639096196803
2023-01-28 01:00:00,0.0,0.0,21.36818381593168,57.90730845328041,16.479786501899333,315.4756239266108
2023-01-28 02:00:00,0.0,0.0,20.7372393433825,71.45504280759546,7.35354912908368,247.40418124367523
2023-01-28 03:00:00,0.0,0.0,20.146671166011664,55.416507684496914,4.839545591435971,32.147832635663306
2023-01-28 04:00:00,0.0,0.0,17.76741117065858,64.93379726303279,17.55126754153944,183.0717666701361
2023-01-28 05:00:00,0.0,0.0,22.748325824775588,70.45490900916053,5.5564239934178685,199.92747975553476
2023-01-28 06:00:00,0.0,0.0,22.180338220025185,65.1993931840576,7.07947758841358,223.4922415458609
2023-01-28 07:00:00,0.0,0.0,21.314592124812997,53.91640578167927,18.08757508350842,128.14917238780308
2023-01-28 08:00:00,0.0,0.0,15.043590623441563,71.72508451093185,5.805225759802864,299.723360111239
2023-01-28 09:00:00,0.0,0.0,23.082001188830553,72.27501813108438,8.648767792256084,323.41402969149505
2023-01-28 10:00:00,0.0,0.0,15.908689867898769,80.54563183492358,2.2092373310259807,344.12253240353596
2023-01-28 11:00:00,0.0,0.0,17.955434130110955,62.11633107221804,7.410694687597302,78.08246342051866
2023-01-28 12:00:00,0.0,0.0,20.22416636344738,71.94999372747468,6.088429427779143,170.77764658197358
2023-01-28 13:00:00,0.0,0.0,20.69696891353971,81.60369049638784,15.388645488296575,15.436020218064787
2023-01-28 14:00:00,0.0,0.0,21.61295625165342,64.4477634879838,6.184445145792236,80.10910689515475
2023-01-28 15:00:00,0.0,0.0,20.365836772724542,90.53097214543736,0.0,346.54702158546627
2023-01-28 16:00:00,0.0,0.0,17.273887602520453,66.26755607859072,8.310842117194742,192.7913317826917
2023-01-28 17:00:00,0.0,0.0,19.367592860340398,87.04949371832835,19.393973571587743,258.0181805713654
2023-01-28 18:00:00,0.0,0.0,20.422159102468747,74.28687394632651,14.389812354346985,288.0947197587369
2023-01-28 19:00:00,0.0,0.0,20.993597171445998,59.21674102515678,13.340701012420775,41.47136070852164
2023-01-28 20:00:00,0.0,0.0,21.462635206631187,54.85272674821072,8.282516671055543,349.83996696134403
2023-01-28 21:00:00,0.0,0.0,19.332926236832293,68.03215481412795,10.040288089103916,356.0807403936245
2023-01-28 22:00:00,0.9808996299771702,0.6016449363937945,22.61721106554128,61.80285932908712,12.329736681810774,10.36568388029763
2023-01-28 23:00:00,0.0,0.0,21.72639922579942,65.92070766978452,7.532055935404627,7.357082533565977
2023-01-29 00:00:00,0.0,0.0,20.852646268906117,71.78373287831172,13.096916373723678,270.10225849073714
2023-01-29 01:00:00,0.0,0.0,17.786662353807348,66.51995881684272,8.230073360048511,177.02002349691892
2023-01-29 02:00:00,3.5992976302183335,4.362407149300273,22.70765574224812,65.40380368743354,16.538773156939158,242.92860259098964
2023-01-29 03:00:00,0.26278223523205746,0.22933766259224422,19.538868419181124,56.54084880661683,16.96453450140901,16.022744907554127
2023-01-29 04:00:00,0.0,0.0,22.429428113978382,58.93085005396833,4.75821722279774,110.95277781940153
2023-01-29 05:00:00,0.0,0.0,21.172758677909375,75.85853702453176,4.033274645940508,325.7470971820178
2023-01-29 06:00:00,0.0,0.0,20.152856577507972,71.45266328304774,11.673499713447795,210.33401359205172
2023-01-29 07:00:00,0.0,0.0,17.037003444034433,78.41733615426219,7.636518702983257,49.287037181981724
2023-01-29 08:00:00,0.0,0.0,17.933734750736463,59.828817758812114,12.580617002089665,124.91145027452572
2023-01-29 09:00:00,0.0,0.0,20.232417692746097,63.615699095607994,9.34917484422027,301.4737105750856
2023-01-29 10:00:00,1.695815730096813,1.6231636355073022,20.484280294791528,68.35337558237994,14.608441411540724,218.81563457451782
2023-01-29 11:00:00,0.0,0.0,19.653661910572172,63.04819853961155,12.462199895518632,247.7801596799294
2023-01-29 12:00:00,0.0,0.0,17.572220906580892,59.11993696750929,7.7575675268523545,306.63493538863725
2023-01-29 13:00:00,0.0,0.0,18.62554339346384,58.816817932845964,12.7924951494078,280.7577007099668
2023-01-29 14:00:00,0.0,0.0,23.30592277865234,76.19093967456718,7.57902989016306,352.3438248765904
2023-01-29 15:00:00,0.0,0.0,19.614199484374232,62.25024529114877,8.644098495569025,66.1017559889581
2023-01-29 16:00:00,0.0,0.0,21.551801152839047,65.79908241750498,4.9672664777827755,265.46769276485253
2023-01-29 17:00:00,0.11034852708533105,0.06943991970120426,21.574354545636734,77.62897179715314,19.4273239558423,175.84430810545595
2023-01-29 18:00:00,0.0,0.0,20.176491982416657,80.62317762086249,4.927936500624217,104.18723483248448
2023-01-29 19:00:00,0.0,0.0,19.847782518791217,60.14122843189105,16.548072337583555,285.6321958388134
2023-01-29 20:00:00,0.0,0.0,20.53511143620565,48.45695319537181,12.170445136506089,340.7920994422697
2023-01-29 21:00:00,0.0,0.0,19.01021146582834,74.51550364182481,7.6885358163387325,50.16318399968402
2023-01-29 22:00:00,0.0,0.0,19.19938850533422,77.51008723063367,20.548643390013513,251.90929160284892
2023-01-29 23:00:00,0.0,0.0,20.572967619113186,72.80715428884031,10.11045209026543,196.806622945913
2023-01-30 00:00:00,0.517180447142427,0.4887710283835441,18.41977895329244,59.50268383221353,16.970236502964266,277.37676360412536
2023-01-30 01:00:00,0.0,0.0,16.913313256706708,72.48845180095189,8.56775920304011,212.16074089788643
2023-01-30 02:00:00,0.0,0.0,20.899592126958602,37.31117477902531,9.725080095502017,7.074489272337745
2023-01-30 03:00:00,0.0,0.0,18.369935061654637,65.14820484427517,10.863067588161039,172.20219948138245
2023-01-30 04:00:00,0.0,0.0,18.872913522492254,73.39717737521,7.603507635166183,98.79087559859937
2023-01-30 05:00:00,0.0,0.0,21.583493912966127,59.238523127737245,10.750747964660178,155.52363300108024
2023-01-30 06:00:00,0.0,0.0,18.1767193011728,78.37438084714849,10.294623740953353,196.00400519967087
2023-01-30 07:00:00,0.0,0.0,20.660226257909756,68.18753133448848,11.286617886701528,357.3634848351575
2023-01-30 08:00:00,0.0,0.0,19.545259176858018,76.69241235772299,7.112930294046425,143.40639656907229
2023-01-30 09:00:00,0.0,0.0,14.48615852114521,56.514092047463855,14.799296356910526,119.78977589983046
2023-01-30 10:00:00,0.0,0.0,19.62371611702243,81.5043184522546,13.396762052112368,32.55884956045633
2023-01-30 11:00:00,0.0,0.0,21.104517066040767,89.05639739230944,9.381832444917622,151.28351351603928
2023-01-30 12:00:00,0.0,0.0,21.831003573808438,67.31720133763041,12.745851557260199,171.271536118918
2023-01-30 13:00:00,0.0,0.0,19.893341365746767,73.93274911302598,3.0820328971199795,246.15436066697026
2023-01-30 14:00:00,0.0,0.0,17.01891018003596,69.31318813611684,7.160256958494438,105.46781665895483
2023-01-30 15:00:00,0.0,0.0,21.89060384714933,74.58676953033172,10.836921070853021,49.357637653425066
2023-01-30 16:00:00,0.0,0.0,19.90779649447217,57.6265643810501,0.0,300.632274185798
2023-01-30 17:00:00,0.0,0.0,20.344871302737424,81.7884331005816,3.9790673071430893,216.35769514883
2023-01-30 18:00:00,0.0,0.0,19.408054696514757,62.26580491955807,18.592966082312568,302.30362553313273
2023-01-30 19:00:00,3.1192640180141127,3.204700201336438,18.65459682688095,70.72560975807369,9.518094228347865,10.270867180387512
2023-01-30 20:00:00,0.0,0.0,18.396958834054875,71.69373478283107,2.3671086412935773,88.9942219897031
2023-01-30 21:00:00,0.0,0.0,20.264528577489546,64.11879185660307,3.4848021442280186,291.0784306129704
2023-01-30 22:00:00,0.0,0.0,17.90069282628913,77.82625772186333,12.113928623704897,317.7572280478931
2023-01-30 23:00:00,0.0,0.0,14.656871064672837,74.5047670252629,12.820256888459808,304.52551930382566
2023-01-31 00:00:00,0.0,0.0,20.117751961114127,82.87511469558444,6.378925437957383,151.7813646440752
